{"HAS_IF": {"0": {"accuracy": 0.9780439121756487, "confusion_matrix": [[380, 6], [5, 110]]}, "1": {"accuracy": 0.9780439121756487, "confusion_matrix": [[381, 5], [6, 109]]}, "2": {"accuracy": 0.9820359281437125, "confusion_matrix": [[381, 5], [4, 111]]}, "3": {"accuracy": 0.9860279441117764, "confusion_matrix": [[383, 3], [4, 111]]}, "4": {"accuracy": 0.9840319361277445, "confusion_matrix": [[382, 4], [4, 111]]}, "5": {"accuracy": 0.9880239520958084, "confusion_matrix": [[384, 2], [4, 111]]}, "6": {"accuracy": 0.9900199600798403, "confusion_matrix": [[383, 3], [2, 113]]}, "7": {"accuracy": 0.9920159680638723, "confusion_matrix": [[384, 2], [2, 113]]}, "8": {"accuracy": 0.9860279441117764, "confusion_matrix": [[383, 3], [4, 111]]}, "9": {"accuracy": 0.9900199600798403, "confusion_matrix": [[383, 3], [2, 113]]}, "10": {"accuracy": 0.9860279441117764, "confusion_matrix": [[383, 3], [4, 111]]}, "11": {"accuracy": 0.9860279441117764, "confusion_matrix": [[384, 2], [5, 110]]}, "12": {"accuracy": 0.9880239520958084, "confusion_matrix": [[382, 4], [2, 113]]}}, "HAS_WHILE": {"0": {"accuracy": 0.9860279441117764, "confusion_matrix": [[492, 3], [4, 2]]}, "1": {"accuracy": 0.9840319361277445, "confusion_matrix": [[492, 3], [5, 1]]}, "2": {"accuracy": 0.9820359281437125, "confusion_matrix": [[491, 4], [5, 1]]}, "3": {"accuracy": 0.9820359281437125, "confusion_matrix": [[491, 4], [5, 1]]}, "4": {"accuracy": 0.9880239520958084, "confusion_matrix": [[493, 2], [4, 2]]}, "5": {"accuracy": 0.9860279441117764, "confusion_matrix": [[492, 3], [4, 2]]}, "6": {"accuracy": 0.9840319361277445, "confusion_matrix": [[492, 3], [5, 1]]}, "7": {"accuracy": 0.9880239520958084, "confusion_matrix": [[493, 2], [4, 2]]}, "8": {"accuracy": 0.9880239520958084, "confusion_matrix": [[493, 2], [4, 2]]}, "9": {"accuracy": 0.9880239520958084, "confusion_matrix": [[493, 2], [4, 2]]}, "10": {"accuracy": 0.9880239520958084, "confusion_matrix": [[493, 2], [4, 2]]}, "11": {"accuracy": 0.9900199600798403, "confusion_matrix": [[493, 2], [3, 3]]}, "12": {"accuracy": 0.9860279441117764, "confusion_matrix": [[492, 3], [4, 2]]}}, "HAS_FOR": {"0": {"accuracy": 0.9820359281437125, "confusion_matrix": [[478, 5], [4, 14]]}, "1": {"accuracy": 0.9820359281437125, "confusion_matrix": [[477, 6], [3, 15]]}, "2": {"accuracy": 0.9820359281437125, "confusion_matrix": [[477, 6], [3, 15]]}, "3": {"accuracy": 0.9780439121756487, "confusion_matrix": [[475, 8], [3, 15]]}, "4": {"accuracy": 0.9820359281437125, "confusion_matrix": [[476, 7], [2, 16]]}, "5": {"accuracy": 0.9840319361277445, "confusion_matrix": [[477, 6], [2, 16]]}, "6": {"accuracy": 0.9880239520958084, "confusion_matrix": [[479, 4], [2, 16]]}, "7": {"accuracy": 0.9840319361277445, "confusion_matrix": [[477, 6], [2, 16]]}, "8": {"accuracy": 0.9740518962075848, "confusion_matrix": [[473, 10], [3, 15]]}, "9": {"accuracy": 0.9840319361277445, "confusion_matrix": [[477, 6], [2, 16]]}, "10": {"accuracy": 0.9800399201596807, "confusion_matrix": [[475, 8], [2, 16]]}, "11": {"accuracy": 0.9860279441117764, "confusion_matrix": [[479, 4], [3, 15]]}, "12": {"accuracy": 0.9800399201596807, "confusion_matrix": [[475, 8], [2, 16]]}}, "HAS_SWITCH": {"0": {"accuracy": 1.0, "confusion_matrix": [[501]]}, "1": {"accuracy": 1.0, "confusion_matrix": [[501]]}, "2": {"accuracy": 1.0, "confusion_matrix": [[501]]}, "3": {"accuracy": 1.0, "confusion_matrix": [[501]]}, "4": {"accuracy": 1.0, "confusion_matrix": [[501]]}, "5": {"accuracy": 1.0, "confusion_matrix": [[501]]}, "6": {"accuracy": 1.0, "confusion_matrix": [[501]]}, "7": {"accuracy": 1.0, "confusion_matrix": [[501]]}, "8": {"accuracy": 1.0, "confusion_matrix": [[501]]}, "9": {"accuracy": 1.0, "confusion_matrix": [[501]]}, "10": {"accuracy": 1.0, "confusion_matrix": [[501]]}, "11": {"accuracy": 1.0, "confusion_matrix": [[501]]}, "12": {"accuracy": 1.0, "confusion_matrix": [[501]]}}, "HAS_TRY_CATCH": {"0": {"accuracy": 0.9780439121756487, "confusion_matrix": [[484, 6], [5, 6]]}, "1": {"accuracy": 0.9820359281437125, "confusion_matrix": [[484, 6], [3, 8]]}, "2": {"accuracy": 0.9840319361277445, "confusion_matrix": [[485, 5], [3, 8]]}, "3": {"accuracy": 0.9860279441117764, "confusion_matrix": [[486, 4], [3, 8]]}, "4": {"accuracy": 0.9860279441117764, "confusion_matrix": [[485, 5], [2, 9]]}, "5": {"accuracy": 0.9860279441117764, "confusion_matrix": [[485, 5], [2, 9]]}, "6": {"accuracy": 0.9880239520958084, "confusion_matrix": [[486, 4], [2, 9]]}, "7": {"accuracy": 0.9880239520958084, "confusion_matrix": [[486, 4], [2, 9]]}, "8": {"accuracy": 0.9880239520958084, "confusion_matrix": [[486, 4], [2, 9]]}, "9": {"accuracy": 0.9880239520958084, "confusion_matrix": [[486, 4], [2, 9]]}, "10": {"accuracy": 0.9860279441117764, "confusion_matrix": [[485, 5], [2, 9]]}, "11": {"accuracy": 0.9900199600798403, "confusion_matrix": [[487, 3], [2, 9]]}, "12": {"accuracy": 0.9780439121756487, "confusion_matrix": [[484, 6], [5, 6]]}}, "HAS_THROW": {"0": {"accuracy": 0.9840319361277445, "confusion_matrix": [[453, 0], [8, 40]]}, "1": {"accuracy": 0.9780439121756487, "confusion_matrix": [[451, 2], [9, 39]]}, "2": {"accuracy": 0.9820359281437125, "confusion_matrix": [[451, 2], [7, 41]]}, "3": {"accuracy": 0.9840319361277445, "confusion_matrix": [[452, 1], [7, 41]]}, "4": {"accuracy": 0.9840319361277445, "confusion_matrix": [[452, 1], [7, 41]]}, "5": {"accuracy": 0.9780439121756487, "confusion_matrix": [[453, 0], [11, 37]]}, "6": {"accuracy": 0.9840319361277445, "confusion_matrix": [[453, 0], [8, 40]]}, "7": {"accuracy": 0.9840319361277445, "confusion_matrix": [[453, 0], [8, 40]]}, "8": {"accuracy": 0.9800399201596807, "confusion_matrix": [[452, 1], [9, 39]]}, "9": {"accuracy": 0.9800399201596807, "confusion_matrix": [[453, 0], [10, 38]]}, "10": {"accuracy": 0.9800399201596807, "confusion_matrix": [[453, 0], [10, 38]]}, "11": {"accuracy": 0.9780439121756487, "confusion_matrix": [[450, 3], [8, 40]]}, "12": {"accuracy": 0.9740518962075848, "confusion_matrix": [[450, 3], [10, 38]]}}, "HAS_INVOKE": {"0": {"accuracy": 0.9860279441117764, "confusion_matrix": [[28, 3], [4, 466]]}, "1": {"accuracy": 0.9820359281437125, "confusion_matrix": [[29, 2], [7, 463]]}, "2": {"accuracy": 0.9840319361277445, "confusion_matrix": [[29, 2], [6, 464]]}, "3": {"accuracy": 0.9820359281437125, "confusion_matrix": [[30, 1], [8, 462]]}, "4": {"accuracy": 0.9880239520958084, "confusion_matrix": [[30, 1], [5, 465]]}, "5": {"accuracy": 0.9840319361277445, "confusion_matrix": [[30, 1], [7, 463]]}, "6": {"accuracy": 0.9900199600798403, "confusion_matrix": [[30, 1], [4, 466]]}, "7": {"accuracy": 0.9860279441117764, "confusion_matrix": [[30, 1], [6, 464]]}, "8": {"accuracy": 0.9800399201596807, "confusion_matrix": [[30, 1], [9, 461]]}, "9": {"accuracy": 0.9840319361277445, "confusion_matrix": [[31, 0], [8, 462]]}, "10": {"accuracy": 0.9840319361277445, "confusion_matrix": [[30, 1], [7, 463]]}, "11": {"accuracy": 0.9820359281437125, "confusion_matrix": [[30, 1], [8, 462]]}, "12": {"accuracy": 0.9800399201596807, "confusion_matrix": [[28, 3], [7, 463]]}}}